,Player ID,W,L,SV,G,GS,IP,K/9,BB/9,HR/9,BABIP,LOB%,GB%,HR/FB,vFA (pi),ERA,xERA,FIP,xFIP,WAR,Year,Years Below Median,Outliers,Outliers No Rookie,Number of Years Played,Name
0,27,11.0,16.0,0.0,33.0,33.0,190.2,4.91,3.02,1.46,0.304,68.9,40.8,11.7,,5.57,,5.46,5.29,0.2,2006.0,0,0,0,2,Ramon Ortiz
1,535,13.5,8.25,0.0,32.0,31.75,187.825,5.555,2.8625,0.905,0.3065,70.725,46.35,8.7,,4.385,,4.25,4.4175,2.525,2008.25,1,0,0,1,Brad Penny
2,573,10.0,11.0,0.0,33.0,33.0,182.0,5.93,3.21,1.34,0.294,68.5,39.8,11.3,91.7,4.95,,4.93,4.72,1.2,2008.0,0,0,0,1,Tim Redding
3,633,11.3333333333333,9.66666666666667,0.0,32.3333333333333,32.3333333333333,191.133333333333,4.81666666666667,3.20666666666667,1.09666666666667,0.304,71.3,45.5333333333333,11.2666666666667,,4.56666666666667,,4.87666666666667,4.73666666666667,1.5,2007.0,0,0,0,1,Jeff Suppan
4,944,11.8333333333333,12.5,0.0,33.1666666666667,32.8333333333333,195.4,6.28333333333333,3.99,0.976666666666667,0.280166666666667,72.3333333333333,38.0333333333333,8.51666666666667,,4.30666666666667,,4.58,4.875,1.66666666666667,2008.66666666667,1,0,0,1,Barry Zito
5,976,12.25,10.25,0.0,33.5,33.5,207.875,6.4975,3.0575,1.045,0.27925,74.9,38.8,9.425,89.375,3.8475,,4.315,4.3775,2.175,2009.5,1,0,0,1,Randy Wolf
6,1118,10.6666666666667,8.66666666666667,0.0,32.0,30.0,181.0,7.82333333333333,3.16333333333333,1.29,0.248333333333333,75.6333333333333,32.0,9.93333333333333,89.5,3.86333333333333,3.67666666666667,4.38666666666667,4.88666666666667,2.36666666666667,2016.0,1,0,0,2,Marco Estrada
7,1245,12.25,11.25,0.0,32.0,31.5,203.525,6.59125,2.6975,1.07875,0.272875,74.5375,45.65,11.15,,3.675,,4.2275,4.2,2.2375,2013.5,1,0,0,2,R.A. Dickey
8,1259,13.25,11.5,0.0,31.5,31.5,193.85,7.41,2.455,1.2425,0.292,69.95,34.675,9.775,89.95,4.49,,4.18,4.205,2.675,2012.5,1,0,0,1,Colby Lewis
9,1478,11.0,6.0,0.0,29.0,27.0,162.1,7.71,3.94,0.72,0.31,69.9,45.6,7.8,91.3,4.32,,3.78,4.14,2.3,2013.0,0,0,0,3,Felix Doubront
10,1890,10.0,12.6666666666667,0.0,32.0,31.6666666666667,183.1,8.2,3.61333333333333,1.14333333333333,0.299333333333333,71.4,37.7666666666667,10.2,93.5666666666667,4.47,,4.28333333333333,4.67,1.8,2015.0,1,1,0,4,Matt Moore
11,1931,8.5,14.0,0.0,32.0,32.0,192.05,6.03,4.63,1.15,0.297,69.6,48.75,11.95,94.2,5.4,,5.31,5.02,0.9,2007.5,1,0,0,1,Daniel Cabrera
12,1994,11.8333333333333,9.16666666666667,0.166666666666667,30.3333333333333,29.1666666666667,172.033333333333,6.43833333333333,2.26166666666667,1.29333333333333,0.304833333333333,73.0,48.15,14.6333333333333,93.1833333333333,4.32333333333333,,4.455,4.19333333333333,1.8,2015.5,3,1,0,4,Ivan Nova
13,2036,15.8888888888889,6.66666666666667,0.0,30.8888888888889,30.6666666666667,206.088888888889,9.88555555555556,2.39444444444444,0.683333333333333,0.268222222222222,80.2333333333333,45.9222222222222,9.06666666666667,93.3333333333333,2.39777777777778,,2.74222222222222,2.99555555555556,5.96666666666667,2013.33333333333,1,0,0,1,Clayton Kershaw
14,2038,10.75,12.0,0.0,33.5,31.25,198.775,7.4025,3.435,0.64,0.305,70.325,57.175,9.6,93.475,4.0725,,3.68,3.7475,3.525,2011.5,0,0,0,2,Justin Masterson
15,2072,10.375,12.5,0.0,32.375,30.875,197.125,5.36125,2.50375,1.2325,0.279625,73.375,41.275,10.725,93.3625,4.1825,,4.6725,4.56125,1.5875,2010.5,1,0,0,1,Jeremy Guthrie
16,2074,19.0,6.5,0.5,32.0,31.5,208.55,3.92,2.405,0.455,0.2935,72.0,60.6,6.9,,3.665,,3.85,4.17,3.75,2006.5,1,0,0,2,Chien-Ming Wang
17,2141,12.0,9.0,0.0,37.0,28.0,167.2,7.35,3.17,1.13,0.301,67.8,39.8,9.8,89.1,4.99,,4.22,4.15,1.2,2010.0,0,0,0,1,Chris Narveson
18,2155,14.0,11.0,0.0,31.5,31.5,191.55,5.725,2.92,1.085,0.2795,72.65,45.9,11.55,93.85,4.245,,4.55,4.41,1.35,2014.5,1,0,0,1,Alfredo Simon
19,2429,15.5,9.16666666666667,0.0,31.8333333333333,31.8333333333333,209.066666666667,9.72166666666667,1.72,0.903333333333333,0.290666666666667,75.9166666666667,43.3166666666667,10.8,92.4833333333333,3.09166666666667,,2.96166666666667,3.10666666666667,5.56666666666667,2017.0,1,1,1,5,Corey Kluber
20,2520,13.2857142857143,8.57142857142857,0.0,30.1428571428571,29.2857142857143,176.242857142857,8.88142857142857,3.19,0.897142857142857,0.293142857142857,76.7428571428571,42.2428571428571,9.92857142857143,93.5857142857143,3.42,,3.67142857142857,3.98714285714286,3.12857142857143,2015.71428571429,0,0,0,2,Lance Lynn
21,2608,13.25,10.5,0.0,32.25,32.25,190.85,6.91,3.4325,0.805,0.26775,73.3,48.6,9.775,91.275,3.62,,3.9975,4.2325,2.75,2014.75,2,0,0,5,Jhoulys Chacin
22,2660,15.0,7.0,0.0,28.0,28.0,172.2,6.1,2.81,0.94,0.293,69.8,44.2,8.7,90.9,4.22,,4.03,4.15,2.4,2010.0,0,0,0,1,Brett Cecil
23,2717,13.5454545454545,10.7272727272727,0.0,31.1818181818182,30.8181818181818,185.0,6.59909090909091,2.11636363636364,1.12909090909091,0.306818181818182,69.8272727272727,47.6,12.2181818181818,92.1090909090909,4.40818181818182,,4.10454545454545,4.03090909090909,2.53636363636364,2014.0,1,0,0,1,Rick Porcello
24,2859,10.0,8.0,0.0,33.0,27.0,164.1,5.75,2.85,0.82,0.263,70.8,50.8,9.0,93.9,3.4,,4.04,4.34,1.6,2012.0,0,0,0,1,Ross Detwiler
25,2929,9.0,9.0,0.0,30.0,30.0,167.1,6.83,3.88,0.7,0.295,71.4,52.1,10.2,91.65,4.005,,3.99,4.065,1.2,2014.0,3,1,0,6,Jeff Locke
26,3126,8.0,10.0,0.0,30.0,25.0,166.0,5.64,3.2,0.81,0.31,72.0,52.1,10.6,93.1,4.23,,4.28,4.36,1.7,2012.0,2,0,0,4,Luis Mendoza
27,3201,10.25,10.0,0.0,30.5,30.0,175.625,9.575,3.82,0.825,0.3,73.325,52.8,12.1,93.8,3.7675,,3.5825,3.4325,2.75,2013.75,1,0,0,1,Francisco Liriano
28,3254,9.57142857142857,12.8571428571429,0.0,31.7142857142857,31.7142857142857,201.714285714286,8.09142857142857,2.31571428571429,1.12428571428571,0.289142857142857,71.9428571428571,43.7714285714286,12.2571428571429,94.6428571428571,3.97857142857143,,3.82857142857143,3.82714285714286,2.84285714285714,2015.14285714286,0,0,0,1,Jeff Samardzija
29,3292,8.0,12.0,0.0,33.0,27.0,172.1,6.42,2.92,1.46,0.29,70.4,38.0,12.7,93.7,4.75,,4.83,4.29,0.2,2014.0,1,0,0,3,Hector Noesi
30,3340,10.4,9.8,0.2,30.6,30.4,190.5,7.422,2.954,0.914,0.2778,71.94,41.36,8.66,94.14,3.704,,3.844,3.988,3.08,2010.4,1,0,0,1,Matt Garza
31,3374,12.8571428571429,11.5714285714286,0.0,32.4285714285714,32.4285714285714,195.414285714286,8.33,3.96571428571429,0.757142857142857,0.298,72.1,47.7571428571429,8.98571428571429,94.3571428571429,3.97571428571429,,3.78,3.92714285714286,3.68571428571429,2011.14285714286,0,0,0,1,Ubaldo Jimenez
32,3403,12.75,10.75,0.0,31.25,31.25,198.5,6.97,3.98,0.9075,0.29375,73.025,54.35,12.3,92.2,4.18,,4.325,4.0875,2.25,2010.5,2,0,0,3,Ricky Romero
33,3455,7.0,16.0,0.0,32.0,32.0,190.1,5.25,4.11,0.99,0.256,72.7,34.2,7.9,88.4,4.16,,4.82,5.23,1.4,2008.0,2,0,1,6,Greg Smith
34,3542,12.0,3.0,0.0,42.0,26.0,179.2,9.42,2.1,1.35,0.291,80.9,36.4,13.0,95.6,3.51,3.99,3.83,3.79,2.9,2016.0,1,0,0,1,Danny Duffy
35,3543,12.0,8.66666666666667,0.0,28.3333333333333,28.3333333333333,177.466666666667,6.44,3.12,0.853333333333333,0.286333333333333,70.2333333333333,48.3333333333333,9.26666666666667,93.3,4.07666666666667,,4.09,4.17333333333333,1.7,2012.0,2,0,0,2,Clay Buchholz
36,3551,12.0,12.6666666666667,0.0,32.6666666666667,32.6666666666667,205.5,6.04,2.63333333333333,1.02666666666667,0.311333333333333,72.3,53.0333333333333,14.0333333333333,,4.17666666666667,,4.22,3.98666666666667,1.6,2013.0,2,0,0,3,Clayton Richard
37,3642,8.0,12.0,0.0,32.0,32.0,183.2,6.17,3.92,0.98,0.316,66.9,40.8,7.9,92.7,5.34,,4.46,4.73,1.7,2010.0,0,0,0,2,Kyle Davies
38,3688,13.0,9.0,0.0,29.0,28.0,176.0,5.06,1.99,1.02,0.278,74.1,48.4,10.7,90.9,3.58,,4.29,4.21,2.0,2008.0,0,0,0,1,Jesse Litsch
39,3840,8.66666666666667,15.0,0.0,32.3333333333333,32.3333333333333,204.366666666667,4.53333333333333,2.4,0.866666666666667,0.312,69.9,49.0666666666667,9.2,,4.45,,4.25666666666667,4.40333333333333,3.0,2007.66666666667,0,0,0,1,Zach Duke
40,3886,12.4,11.2,0.0,30.8,30.6,189.48,7.18,2.81,1.032,0.2884,70.8,45.24,10.72,92.1,4.128,,4.054,3.964,3.06,2010.0,1,0,0,1,Gavin Floyd
41,3990,12.1666666666667,9.33333333333333,0.0,33.0,32.3333333333333,188.283333333333,7.60666666666667,3.945,0.821666666666667,0.298,71.5666666666667,48.6833333333333,9.95,94.2833333333333,4.17,,4.07333333333333,4.19,1.85,2013.0,1,0,0,2,Edinson Volquez
42,4026,11.0,9.5,0.0,33.0,32.5,181.1,7.595,3.725,1.535,0.256,76.95,32.0,11.1,91.5,4.145,4.735,5.04,5.23,0.7,2015.5,1,0,0,1,Hector Santiago
43,4141,11.25,7.5,0.0,32.5,30.5,189.3,7.9175,2.985,1.1225,0.29025,72.975,42.525,11.55,93.65,3.9025,,4.0,3.9125,2.875,2013.5,1,0,0,2,Derek Holland
44,4153,16.0,8.75,0.0,31.25,31.25,191.6,8.4625,2.8175,0.86,0.26325,73.95,51.375,11.8,93.475,3.09,3.5025,3.5725,3.62,3.75,2016.5,1,0,0,2,Jake Arrieta
45,4222,13.0,7.0,0.0,30.0,28.0,178.2,6.35,3.07,1.41,0.236,75.6,43.5,13.0,88.9,3.73,,4.88,4.43,1.4,2008.0,1,0,0,2,Armando Galarraga
46,4270,11.0,11.0,0.0,33.0,33.0,199.15,4.38,1.805,1.08,0.303,71.65,45.3,9.7,92.5,4.04,,4.385,4.45,2.15,2008.5,0,0,0,2,Nick Blackburn
47,4366,12.3333333333333,12.1666666666667,0.0,31.3333333333333,31.3333333333333,192.716666666667,5.03833333333333,2.69833333333333,1.16666666666667,0.294666666666667,72.5333333333333,45.9833333333333,11.4,90.9666666666667,4.25,,4.61333333333333,4.45,1.23333333333333,2010.5,1,0,0,1,Joe Saunders
48,4371,11.0,10.4,0.0,30.8,30.6,178.6,6.292,2.748,1.314,0.2622,73.94,38.4,11.84,91.18,4.072,,4.602,4.562,1.56,2013.8,3,0,0,4,Jeremy Hellickson
49,4424,10.0,10.0,0.0,30.75,29.75,181.675,6.845,2.6225,0.98,0.3,73.3,49.55,12.125,90.425,3.7825,,3.995,3.795,1.875,2012.75,0,0,0,3,Jon Niese
50,4505,13.2,8.6,0.0,31.0,31.0,193.96,7.254,1.69,0.792,0.2908,75.64,42.5,8.38,94.14,3.138,,3.292,3.592,3.78,2013.0,1,0,0,1,Jordan Zimmermann
51,4535,10.0,12.0,0.0,29.5,29.5,179.6,6.165,2.71,0.82,0.2995,74.0,47.4,8.7,90.7,3.655,,3.905,4.06,2.8,2009.5,0,0,0,2,Randy Wells
52,4538,10.0,10.1428571428571,0.142857142857143,31.2857142857143,29.8571428571429,173.728571428571,7.29142857142857,2.53285714285714,1.13142857142857,0.297,71.6428571428571,42.1285714285714,11.3571428571429,92.9285714285714,4.31857142857143,,4.09857142857143,4.05428571428571,2.22857142857143,2013.14285714286,1,0,0,1,Jason Hammel
53,4593,11.0,12.0,0.0,37.0,29.0,187.0,5.87,3.66,0.72,0.278,73.7,53.9,8.9,,3.71,,4.15,4.37,2.5,2006.0,0,0,0,1,Clay Hensley
54,4913,12.5,8.0,0.0,30.5,30.5,189.05,6.535,3.005,0.845,0.275,73.75,42.75,8.65,93.05,3.72,,3.915,4.18,2.5,2012.5,1,0,0,2,Jarrod Parker
55,5089,12.0,9.0,0.0,27.0,27.0,173.0,4.68,1.61,0.88,0.292,73.3,53.4,11.4,89.9,3.54,,3.94,3.93,2.4,2012.0,2,0,0,7,Scott Diamond
56,5221,9.0,5.0,0.0,32.0,27.0,162.0,7.22,2.22,1.33,0.273,74.8,36.6,11.5,86.3,3.72,4.3,4.28,4.47,1.6,2018.0,2,0,0,4,Wade LeBlanc
57,5279,14.0,7.5,0.0,32.0,32.0,189.55,6.9725,3.1525,1.095,0.27775,75.6,40.975,10.85,92.2,3.9525,,4.2775,4.3,2.175,2014.5,1,0,0,3,Chris Tillman
58,5372,7.5,11.0,0.0,30.0,30.0,173.1,9.86,2.805,1.165,0.2985,70.2,41.05,13.0,94.9,4.28,,3.61,3.415,3.35,2013.5,1,0,0,3,Michael Pineda
59,5508,9.0,9.0,0.0,29.0,29.0,168.0,6.32,4.13,0.54,0.312,72.5,48.7,6.6,91.5,4.34,,4.09,4.51,2.2,2008.0,2,0,0,2,Dana Eveland
60,5523,10.5,8.5,0.0,30.5,30.0,171.0,7.71,3.87,1.185,0.2855,73.9,39.05,11.15,93.3,4.21,,4.445,4.335,1.2,2011.5,1,0,0,3,James McDonald
61,5524,14.5714285714286,10.0,0.0,32.7142857142857,32.7142857142857,211.714285714286,9.00571428571429,2.04285714285714,0.894285714285714,0.283,75.1571428571429,43.1714285714286,9.94285714285714,92.2285714285714,3.12857142857143,,3.18285714285714,3.38857142857143,3.81428571428571,2014.28571428571,2,0,0,2,Madison Bumgarner
62,5551,16.0,10.0,0.0,31.5,31.0,199.15,5.86,2.625,0.78,0.287,75.45,48.25,8.8,93.4,3.34,,3.775,3.99,3.75,2011.5,1,0,0,2,Matt Harrison
63,5556,13.5,10.0,0.0,32.5,32.5,201.55,6.5,3.245,0.58,0.2845,75.2,47.3,6.6,92.1,3.14,,3.635,4.1,3.4,2008.5,3,0,0,3,Jair Jurrjens
64,5669,10.5,10.5,0.0,30.5,30.5,187.05,4.57,2.09,1.03,0.2975,74.7,55.4,13.8,94.6,3.75,,4.38,3.995,1.4,2013.0,2,0,0,2,Henderson Alvarez
65,5867,14.0,10.0,0.0,30.0,30.0,185.0,9.49,2.58,1.12,0.278,74.5,43.9,12.4,95.9,3.45,3.75,3.61,3.48,3.0,2015.0,2,0,0,2,Danny Salazar
66,5879,9.0,9.0,0.0,30.0,26.0,162.1,5.32,1.83,1.22,0.275,77.4,46.2,11.5,90.3,3.38,,4.29,4.0,1.1,2011.0,0,0,0,1,Jeff Karstens
67,6068,7.0,9.0,0.0,31.0,31.0,167.0,5.07,3.99,1.4,0.286,73.6,33.4,9.8,85.9,4.63,,5.56,5.52,0.1,2007.0,0,0,0,2,Matt Chico
68,6230,10.3333333333333,12.0,0.0,31.6666666666667,31.0,187.066666666667,5.03,2.44666666666667,1.10666666666667,0.293333333333333,68.6666666666667,46.1666666666667,10.4666666666667,,4.68,,4.48666666666667,4.37333333333333,1.16666666666667,2012.33333333333,1,0,0,2,Kyle Kendrick
69,6249,13.25,11.75,0.0,32.0,32.0,195.4,5.83,3.3475,0.9425,0.27475,73.325,55.225,12.075,91.35,3.885,,4.3675,4.1275,1.725,2010.5,1,0,0,1,Trevor Cahill
70,6329,11.0,11.5,0.0,31.0,31.0,191.433333333333,6.71333333333333,2.93,1.015,0.2905,72.55,42.7833333333333,9.5,91.0166666666667,4.09833333333333,,4.13333333333333,4.20833333333333,2.76666666666667,2011.16666666667,0,0,0,1,John Danks
71,6345,10.25,13.25,0.0,33.25,33.25,202.075,10.0675,2.955,0.9775,0.303,72.125,45.6,11.9,95.6,3.6625,,3.375,3.3675,3.85,2015.5,1,1,0,4,Chris Archer
72,6397,9.25,9.5,0.0,31.0,31.0,172.1,8.53,3.005,1.13,0.28175,74.775,33.05,9.65,91.8,3.915,,3.965,4.2925,2.25,2015.75,2,0,0,4,Jake Odorizzi
73,6432,9.0,12.0,0.0,31.0,31.0,185.2,6.2,2.57,0.97,0.282,75.1,51.8,12.5,91.7,3.73,,4.03,3.71,1.7,2011.0,0,0,0,2,Tim Stauffer
74,6562,11.0,9.5,0.0,28.0,28.0,172.6,7.24,2.375,0.85,0.282,76.8,52.0,10.75,92.2,3.265,,3.695,3.785,2.35,2015.5,4,1,0,4,Alex Cobb
75,6570,10.0,12.3333333333333,0.0,32.3333333333333,32.0,184.8,7.09,3.75666666666667,0.976666666666667,0.290333333333333,72.9,43.7666666666667,10.1333333333333,93.1,4.07333333333333,,4.32333333333333,4.47333333333333,1.4,2015.0,2,1,1,5,Tom Koehler
76,6632,13.0,8.0,0.0,26.5,26.0,160.8,10.6075,2.4425,0.9675,0.3045,77.5,46.875,13.25,94.45,3.3,3.425,3.1175,3.1125,4.225,2017.5,2,1,1,5,Carlos Carrasco
77,6797,10.8571428571429,10.2857142857143,0.0,31.7142857142857,31.7142857142857,190.271428571429,7.90571428571429,3.07285714285714,1.16714285714286,0.266714285714286,76.2428571428571,38.3142857142857,11.3714285714286,91.5142857142857,3.65428571428571,,4.24428571428571,4.39,1.95714285714286,2016.0,2,0,0,3,Julio Teheran
78,6893,12.75,8.875,0.0,29.375,29.375,185.6,7.665,2.6675,0.98625,0.283875,74.8125,43.8,10.45,93.275,3.69,,3.9075,3.96875,2.9125,2013.0,0,0,0,2,Johnny Cueto
79,6902,9.6,8.6,0.0,28.2,27.6,161.28,6.408,3.474,0.97,0.2982,70.7,47.68,11.54,93.3,4.344,4.716,4.392,4.632,2.12,2018.8,2,0,0,4,Martin Perez
80,6943,9.5,13.5,0.0,31.5,31.5,191.55,6.405,2.89,1.18,0.295,64.3,46.55,12.5,93.3,5.205,,4.46,4.185,1.8,2011.5,0,0,0,1,Luke Hochevar
81,6986,12.1428571428571,10.7142857142857,0.0,32.1428571428571,32.1428571428571,195.642857142857,8.43142857142857,2.91857142857143,1.20428571428571,0.287285714285714,75.3428571428571,37.5142857142857,11.4714285714286,91.5428571428571,3.88571428571429,,4.08142857142857,3.96142857142857,2.02857142857143,2013.0,0,0,0,1,Ian Kennedy
82,7024,11.0,8.0,0.0,30.0,28.0,171.1,6.3,2.78,1.26,0.26,73.6,38.9,11.4,92.4,3.78,,4.45,4.31,1.7,2013.0,0,0,0,1,Miguel Gonzalez
83,7080,9.33333333333333,13.6666666666667,0.0,32.3333333333333,32.3333333333333,190.766666666667,4.94666666666667,3.41,0.943333333333333,0.278,73.2333333333333,53.4,11.9333333333333,89.0,3.83,,4.59,4.37333333333333,1.16666666666667,2009.33333333333,3,0,0,5,John Lannan
84,7146,16.0,12.0,0.0,33.0,33.0,222.0,6.85,2.03,0.69,0.295,70.5,41.7,6.4,94.2,3.49,,3.28,3.79,4.2,2011.0,0,0,0,2,Daniel Hudson
85,7312,11.0,9.0,1.0,33.0,28.0,179.1,5.77,1.96,0.9,0.267,72.5,38.8,8.3,74.8,3.46,,3.87,4.07,1.6,2014.0,2,1,0,4,Josh Collmenter
86,7396,12.0,11.0,0.0,32.0,32.0,199.0,6.42,2.13,1.09,0.296,77.9,42.6,10.1,90.1,3.62,,4.0,4.07,2.0,2013.0,2,0,0,3,Dillon Gee
87,7410,15.0,5.5,0.0,32.5,29.25,177.55,7.9125,2.685,1.0775,0.2795,78.8,40.65,10.8,92.125,3.3425,,3.92,4.045,2.625,2014.5,2,0,0,3,J.A. Happ
88,7441,11.5,10.0,0.0,29.0,29.0,176.0,5.595,3.2,1.21,0.276,75.1,37.75,9.6,92.8,4.26,,4.73,4.715,1.25,2010.5,0,0,0,4,Wade Davis
89,7448,13.75,9.5,0.0,32.0,32.0,190.1,8.5225,3.67375,0.7275,0.29125,74.875,47.675,8.9625,92.425,3.51625,,3.56875,3.84125,3.4125,2014.0,1,0,0,3,Gio Gonzalez
90,7450,16.6666666666667,10.3333333333333,0.0,31.6666666666667,31.0,192.133333333333,7.73,1.93666666666667,1.20666666666667,0.294333333333333,72.7,34.9333333333333,9.56666666666667,93.1,3.96666666666667,,3.82,3.88666666666667,3.76666666666667,2012.0,0,0,0,1,Phil Hughes
91,7531,16.0,8.5,0.0,32.5,32.5,193.7,8.095,2.485,1.03,0.324,74.75,43.35,10.35,91.15,4.115,3.42,3.765,4.0,3.1,2015.5,2,1,0,4,Collin McHugh
92,7541,11.0,11.0,0.0,32.0,32.0,193.2,6.51,3.62,0.6,0.289,70.8,57.2,9.7,93.5,3.76,,3.75,3.89,2.7,2012.0,1,0,0,3,Lucas Harrell
93,7593,11.0,12.0,0.0,32.0,31.0,179.5,7.27,2.705,1.605,0.306,74.45,38.9,14.4,92.6,4.785,5.155,4.87,4.56,0.75,2021.5,0,0,0,2,Jordan Lyles
94,7608,13.0,10.0,0.0,31.0,31.0,190.0,6.49,1.71,1.14,0.31,73.6,38.1,10.7,88.4,3.74,,3.93,4.02,3.1,2012.0,1,0,0,3,Tommy Milone
95,7667,13.0,9.0,0.0,32.0,32.0,193.1,5.77,1.72,0.98,0.302,66.3,42.1,8.0,78.9,4.38,,3.91,4.3,3.9,2008.0,0,0,0,1,Andy Sonnanstine
96,7738,14.0,13.0,0.0,32.0,32.0,190.65,6.655,3.17,0.985,0.294,71.35,52.3,12.9,95.85,3.95,,4.205,3.885,1.2,2013.5,1,0,0,3,Wily Peralta
97,7754,11.25,7.5,0.0,31.5,30.75,176.125,7.385,2.4875,1.43,0.27975,77.85,39.775,13.6,90.15,3.9075,4.615,4.545,4.465,1.75,2017.0,0,0,0,2,Mike Fiers
98,7872,11.5,13.0,0.0,32.0,32.0,195.6,9.35,3.585,0.505,0.3055,74.55,59.25,10.05,94.15,3.035,,3.11,3.13,3.3,2014.5,0,0,0,1,Tyson Ross
99,8011,9.5,15.0,0.0,32.5,32.5,189.6,5.735,2.035,1.065,0.299,71.3,41.85,9.7,88.25,4.115,,4.08,4.15,1.4,2013.5,1,0,0,2,Eric Stults
100,8044,12.4,11.4,0.0,31.6,31.6,195.3,6.0,2.464,1.108,0.2798,74.28,38.3,9.38,87.7,3.95,,4.246,4.498,2.32,2012.8,1,0,0,1,Jason Vargas
101,8137,12.0,9.33333333333333,0.0,30.6666666666667,30.0,176.166666666667,7.44666666666667,2.94333333333333,0.85,0.305,71.3,55.4,12.1333333333333,90.7,3.64333333333333,,3.71,3.56666666666667,2.23333333333333,2012.33333333333,1,0,0,1,Jaime Garcia
102,8173,13.2857142857143,10.0,0.0,31.8571428571429,31.8571428571429,191.1,8.21714285714286,3.35428571428571,0.932857142857143,0.296571428571429,74.7142857142857,47.3714285714286,11.4,92.4142857142857,3.69428571428571,,3.76428571428571,3.63285714285714,2.41428571428571,2012.0,0,0,0,1,Yovani Gallardo
103,8223,11.3333333333333,9.66666666666667,0.0,30.6666666666667,30.6666666666667,177.066666666667,6.03,2.37333333333333,0.983333333333333,0.299,71.8666666666667,57.2333333333333,13.8,92.0,3.88,,4.06666666666667,3.95333333333333,2.4,2014.33333333333,1,0,0,1,Brett Anderson
104,8268,11.0,10.0,0.0,29.0,29.0,176.2,5.55,2.7,1.27,0.264,76.3,40.6,11.1,92.3,3.92,,4.72,4.56,1.7,2009.0,0,0,0,1,Ross Ohlendorf
105,8362,12.3333333333333,10.3333333333333,0.0,32.0,32.0,193.366666666667,8.01666666666667,2.5,1.04666666666667,0.291666666666667,72.8333333333333,45.1,11.5,93.8333333333333,3.91333333333333,,3.79666666666667,3.90333333333333,3.16666666666667,2014.66666666667,0,0,0,1,Homer Bailey
106,8375,8.0,12.0,0.0,30.0,28.0,170.0,4.29,2.7,1.38,0.287,68.5,48.7,11.9,91.4,4.98,,5.14,4.71,0.5,2010.0,1,0,0,2,Brad Bergesen
107,8586,9.0,9.0,0.0,28.0,26.0,163.0,6.4,2.26,0.77,0.275,71.2,47.1,7.7,91.1,3.75,,3.58,3.86,3.1,2011.0,2,0,0,4,Philip Humber
108,8591,12.5,7.0,0.0,30.5,29.5,177.15,6.495,3.045,1.07,0.282,73.55,42.45,9.9,92.25,4.165,,4.34,4.32,2.1,2009.5,1,0,0,2,Jeff Niemann
109,8753,12.6,11.2,0.0,31.8,31.0,186.9,7.55,2.672,1.062,0.2914,75.2,43.04,11.42,92.26,3.808,,4.066,4.244,2.72,2016.8,1,0,0,3,Tanner Roark
110,8779,11.4285714285714,10.0,0.0,31.5714285714286,31.1428571428571,183.828571428571,7.15142857142857,2.80857142857143,0.991428571428571,0.304142857142857,73.1142857142857,48.8,12.3571428571429,91.4571428571429,4.05714285714286,,3.97857142857143,3.96142857142857,2.32857142857143,2015.71428571429,2,0,0,3,Wade Miley
111,9129,11.5,10.5,0.0,32.5,32.5,188.2,7.99,3.075,1.005,0.3,72.75,40.8,9.65,91.95,3.905,,3.935,4.055,1.95,2011.0,2,0,0,2,Tommy Hanson
112,9323,10.6666666666667,9.66666666666667,0.0,28.8333333333333,28.6666666666667,172.616666666667,8.92166666666667,2.68666666666667,1.185,0.311333333333333,74.6666666666667,47.6666666666667,14.7833333333333,91.8666666666667,4.05333333333333,,3.84166666666667,3.66333333333333,3.03333333333333,2018.0,0,0,0,2,Patrick Corbin
113,9388,12.5,8.0,0.0,28.0,27.5,169.55,5.47,1.085,1.585,0.2645,69.65,41.0,14.4,88.5,4.325,,4.575,4.08,1.55,2013.5,1,0,0,3,Josh Tomlin
114,9417,15.0,12.0,0.0,32.0,31.0,197.0,7.17,2.15,0.82,0.298,76.9,45.3,9.9,90.5,3.11,,3.48,3.55,2.4,2013.0,1,0,0,2,Kris Medlen
115,9425,11.8,11.0,0.0,30.0,29.6,187.88,5.788,1.906,0.786,0.2934,73.92,48.62,8.46,89.08,3.532,,3.722,3.974,3.02,2012.8,1,0,0,2,Doug Fister
116,9434,11.3333333333333,8.5,0.0,27.5,27.1666666666667,171.55,6.77333333333333,2.49333333333333,0.78,0.288333333333333,74.3166666666667,57.2166666666667,12.25,89.5333333333333,3.49333333333333,,3.665,3.67333333333333,2.88333333333333,2017.33333333333,0,0,0,2,Dallas Keuchel
117,9460,12.0,8.5,0.0,33.5,32.0,186.15,8.02,3.2,1.5,0.2635,78.8,33.1,12.5,90.25,4.01,4.235,4.73,4.86,1.6,2016.5,3,0,0,5,Dan Straily
118,9492,9.5,11.0,0.0,30.0,29.5,173.85,8.1,3.29,1.0875,0.30175,74.2,40.325,10.75,93.45,4.0625,,4.0825,4.0125,1.9,2012.5,1,0,0,1,Bud Norris
119,9784,14.0,8.0,0.0,29.0,29.0,187.65,8.195,3.01,0.57,0.269,73.35,52.9,7.95,96.7,3.13,,3.23,3.475,3.55,2014.5,1,0,0,2,Garrett Richards
120,9884,8.5,12.5,0.0,31.5,31.5,186.6,7.025,3.455,0.925,0.284,71.95,33.8,7.85,89.85,4.07,,4.135,4.505,2.2,2013.5,0,0,0,3,Travis Wood
121,9901,8.5,11.0,0.0,29.5,29.5,170.1,5.805,2.875,1.06,0.304,69.2,50.1,12.15,91.7,4.735,,4.33,4.035,1.1,2010.5,1,1,1,6,Chris Volstad
122,10021,12.6666666666667,9.66666666666667,0.0,31.3333333333333,31.3333333333333,197.133333333333,7.96,2.59,1.19,0.270333333333333,75.3333333333333,36.8,11.1333333333333,91.6666666666667,3.64,,4.0,4.18666666666667,2.73333333333333,2014.66666666667,1,0,0,1,Mike Minor
123,10123,9.33333333333333,9.83333333333333,0.0,28.1666666666667,28.0,164.3,7.23333333333333,3.20666666666667,1.035,0.292666666666667,71.1166666666667,51.1166666666667,14.2833333333333,92.7333333333333,4.34,,4.23833333333333,4.04833333333333,2.18333333333333,2018.33333333333,0,0,0,1,Kyle Gibson
124,10197,10.3333333333333,11.6666666666667,0.0,32.0,31.6666666666667,187.066666666667,7.50666666666667,3.25,0.896666666666667,0.273666666666667,76.9333333333333,42.0,8.8,94.5333333333333,3.27333333333333,,3.88666666666667,4.09,2.13333333333333,2014.0,1,0,0,2,Shelby Miller
125,10302,12.0,11.0,0.0,31.0,31.0,177.2,7.14,3.24,0.81,0.299,73.3,53.0,11.8,90.1,3.95,4.28,4.02,3.98,1.3,2015.0,1,0,0,4,Chris Heston
126,10304,13.0,11.0,0.0,30.0,30.0,180.1,5.74,3.64,0.45,0.29,71.5,54.2,6.0,,3.69,,3.77,4.15,2.0,2014.0,1,0,0,2,Jarred Cosart
127,10310,10.4,7.6,0.0,27.0,27.0,169.28,8.808,2.564,0.688,0.2976,73.76,49.42,9.48,96.68,3.302,,3.218,3.592,4.06,2018.4,2,0,0,2,Zack Wheeler
128,10314,11.0,6.0,0.0,34.0,27.0,163.1,6.94,2.2,0.88,0.272,70.5,47.6,10.4,92.1,3.75,3.88,3.76,3.88,2.3,2015.0,1,0,1,5,Erasmo Ramirez
129,10547,10.3333333333333,11.6666666666667,0.0,30.3333333333333,30.3333333333333,177.1,8.25,3.36,0.993333333333333,0.308,72.0333333333333,50.1,12.9666666666667,94.1333333333333,4.07333333333333,3.95,4.09,4.04,2.4,2016.0,1,0,0,3,Jimmy Nelson
130,10587,14.0,8.0,0.0,32.0,32.0,186.0,6.68,2.85,1.06,0.31,68.1,51.2,13.9,92.5,4.79,4.65,4.26,4.14,2.5,2016.0,0,0,0,1,Chad Bettis
131,10732,11.0,13.0,0.0,32.0,32.0,184.2,8.97,2.92,1.12,0.293,71.2,36.1,9.7,92.9,4.48,,3.85,3.82,2.6,2014.0,1,0,0,4,Drew Hutchison
132,10811,13.0,10.0,0.0,31.0,31.0,183.0,9.93,3.34,0.84,0.251,77.1,43.1,9.6,96.4,2.85,3.13,3.37,3.77,3.8,2018.0,0,0,0,3,Mike Foltynewicz
133,10954,10.8,7.4,0.0,27.4,27.4,176.22,11.302,2.132,0.836,0.2854,79.56,44.6,11.22,96.76,2.516,2.76,2.624,2.864,5.5,2017.8,1,0,0,2,Jacob deGrom
134,11132,14.0,10.0,0.0,32.0,32.0,200.0,7.69,2.43,1.62,0.242,77.3,32.1,12.5,89.7,3.82,,4.55,4.18,1.5,2013.0,0,0,0,1,A.J. Griffin
135,11156,13.0,11.0,0.0,32.5,32.5,191.6,7.855,2.77,1.18,0.2805,74.7,42.4,12.35,92.25,3.895,4.495,4.08,4.22,2.6,2020.5,0,0,0,2,Merrill Kelly
136,11486,12.0,9.4,0.0,31.4,31.4,178.46,11.426,3.464,1.426,0.2952,79.92,39.88,16.5,94.0,3.736,3.96,3.926,3.528,2.92,2019.0,0,0,0,1,Robbie Ray
137,11530,14.0,7.0,0.0,28.5,28.5,177.15,11.12,2.865,0.58,0.286,78.0,42.65,8.55,96.0,2.525,,2.515,2.82,5.25,2014.5,0,0,0,1,Jose Fernandez
138,11589,11.5,9.5,0.0,32.5,29.5,171.6,6.355,3.015,1.18,0.2605,76.05,46.35,12.3,95.75,3.9,4.66,4.685,4.805,0.95,2017.5,1,0,1,5,Jose Urena
139,11674,14.0,7.5,0.0,32.0,32.0,184.05,8.045,1.895,1.13,0.287,77.55,43.15,12.05,94.7,3.555,3.86,3.7,3.685,3.1,2020.0,0,0,0,2,Jameson Taillon
140,11682,14.0,9.0,0.0,31.3333333333333,30.6666666666667,193.1,8.92333333333333,3.17,0.843333333333333,0.296,77.7333333333333,54.0666666666667,12.5333333333333,96.8,3.23,3.39666666666667,3.57666666666667,3.57333333333333,3.23333333333333,2016.0,1,0,0,1,Carlos Martinez
141,11713,11.0,6.5,0.0,27.5,27.5,183.6,9.29,1.66,0.605,0.276,78.05,46.85,7.25,96.75,2.49,,2.525,2.935,5.45,2014.0,0,0,0,1,Matt Harvey
142,11760,7.0,12.0,0.0,30.0,30.0,175.1,8.57,2.52,1.64,0.291,67.7,31.3,12.7,90.9,4.88,3.77,4.49,4.51,1.8,2016.0,1,0,0,1,Drew Smyly
143,11762,12.0,8.5,0.0,31.5,31.0,190.2,9.94,2.195,0.815,0.3235,72.9,49.6,10.95,98.4,3.44,3.095,2.945,3.25,5.15,2017.5,1,0,0,2,Noah Syndergaard
144,11836,11.0,8.0,0.0,29.0,29.0,169.2,8.33,2.12,1.33,0.291,67.8,38.6,13.0,94.8,4.56,4.19,4.06,3.82,1.8,2015.0,0,0,0,2,Taijuan Walker
145,11855,12.6666666666667,10.0,0.0,30.3333333333333,30.0,177.366666666667,7.79666666666667,3.45333333333333,0.856666666666667,0.297333333333333,74.5333333333333,50.0,10.7,97.2333333333333,3.91,,3.92,3.97666666666667,2.3,2015.0,0,0,0,2,Yordano Ventura
146,12049,11.5,8.0,0.0,28.3333333333333,28.1666666666667,168.016666666667,7.48333333333333,1.82166666666667,1.02833333333333,0.280833333333333,75.6333333333333,46.3666666666667,12.1166666666667,87.9166666666667,3.43833333333333,3.66166666666667,3.73166666666667,3.89333333333333,2.98333333333333,2018.16666666667,0,0,0,2,Kyle Hendricks
147,12304,10.0,5.5,0.0,20.5,20.5,122.1,8.065,2.43,0.9,0.279,81.4,46.3,9.75,93.45,2.855,3.64,3.625,4.105,2.0,2021.0,0,0,0,1,Chris Bassitt
148,12664,11.0,14.0,0.0,33.0,33.0,197.1,7.62,1.92,1.37,0.278,76.4,40.7,13.1,91.5,3.65,3.59,4.19,4.15,3.0,2016.0,1,0,0,4,Jerad Eickhoff
149,12673,10.0,12.0,0.0,29.0,29.0,163.2,7.86,3.52,0.88,0.294,73.2,45.4,10.1,92.8,3.85,,4.03,3.95,1.1,2014.0,2,0,0,3,Roenis Elias
150,12703,11.3333333333333,8.66666666666667,0.166666666666667,28.5,26.8333333333333,167.2,10.1683333333333,3.15166666666667,1.07,0.284,76.5833333333333,41.8,12.15,94.1333333333333,3.57,3.67,3.64333333333333,3.78666666666667,3.13333333333333,2017.5,2,0,0,2,Trevor Bauer
151,12768,12.25,9.25,0.0,30.5,30.5,191.05,8.4575,3.06,0.82,0.264,75.15,53.05,11.7,93.875,3.0575,,3.5575,3.6425,3.65,2016.25,1,0,0,2,Sonny Gray
152,12808,13.0,8.0,0.0,32.0,32.0,200.0,9.31,3.01,0.94,0.28,79.8,40.5,10.2,93.8,3.01,3.35,3.52,3.86,4.2,2018.0,0,0,0,1,Mike Clevinger
153,12880,9.66666666666667,8.33333333333333,0.0,31.0,30.3333333333333,173.733333333333,7.52,2.26,1.23333333333333,0.273666666666667,73.6666666666667,37.3,11.2666666666667,91.1666666666667,3.88333333333333,3.66333333333333,4.08333333333333,4.30333333333333,2.63333333333333,2020.33333333333,2,0,0,2,Tyler Anderson
154,12970,10.6666666666667,9.33333333333333,0.0,31.3333333333333,30.6666666666667,177.4,9.17666666666667,2.27666666666667,1.09666666666667,0.280333333333333,74.2333333333333,44.2,12.6666666666667,92.9666666666667,3.51666666666667,3.77666666666667,3.70333333333333,3.81,3.4,2020.66666666667,1,0,0,1,Joe Musgrove
155,13050,10.3333333333333,9.66666666666667,0.0,31.0,31.0,172.533333333333,8.18,2.52666666666667,1.14,0.285333333333333,75.3,44.1,12.1,94.2,3.70333333333333,3.88666666666667,3.90666666666667,4.07333333333333,2.9,2018.33333333333,1,0,0,2,Anthony DeSclafani
156,13125,14.5714285714286,7.0,0.0,29.2857142857143,29.2857142857143,182.5,11.2614285714286,2.23142857142857,1.19,0.282571428571429,78.9571428571429,41.8571428571429,14.0428571428571,97.0,3.11571428571429,3.27142857142857,3.19428571428571,3.08,4.54285714285714,2018.85714285714,0,0,0,1,Gerrit Cole
157,13164,19.0,6.0,0.0,34.0,34.0,203.1,9.43,3.32,1.06,0.317,77.6,48.5,13.3,93.1,3.81,3.75,3.86,4.1,3.7,2019.0,3,0,0,3,Eduardo Rodriguez
158,13183,11.6666666666667,6.66666666666667,0.0,24.3333333333333,24.3333333333333,141.1,7.15,2.38333333333333,1.07,0.284333333333333,74.8,45.6666666666667,12.4333333333333,,3.53333333333333,4.55666666666667,3.99666666666667,4.16666666666667,2.2,2017.66666666667,1,0,0,3,Zach Davies
159,13218,10.0,12.0,0.0,25.0,25.0,164.2,6.23,2.19,0.71,0.273,65.6,49.2,8.8,95.8,3.83,4.12,3.67,4.24,3.6,2017.0,1,0,0,1,Michael Fulmer
160,13543,21.0,5.0,0.0,31.0,31.0,180.2,11.01,3.19,0.8,0.241,88.0,44.7,10.7,96.0,1.89,3.15,2.94,3.16,4.7,2018.0,0,0,0,2,Blake Snell
161,13619,9.0,13.0,0.0,30.5,30.5,176.05,8.38,2.585,1.61,0.308,72.55,42.2,16.45,91.6,4.805,4.945,4.73,4.38,1.5,2018.5,0,0,0,3,Jakob Junis
162,13743,15.0,6.66666666666667,0.0,30.3333333333333,29.3333333333333,171.833333333333,8.74666666666667,2.11,0.843333333333333,0.298,76.1333333333333,52.2,13.3666666666667,93.9666666666667,3.18,3.39333333333333,3.24333333333333,3.28666666666667,3.93333333333333,2020.66666666667,1,0,0,1,Max Fried
163,13774,10.0,13.0,0.0,32.0,28.0,163.1,7.11,2.64,1.54,0.291,73.9,44.4,16.0,94.0,4.13,4.14,4.85,4.76,1.5,2019.0,2,0,0,3,Zach Eflin
164,13834,5.0,5.0,0.0,11.0,11.0,62.1,6.64,2.74,1.88,0.233,77.1,47.3,21.3,90.0,4.48,5.06,5.44,4.61,0.1,2020.0,3,0,0,3,Alec Mills
165,13896,14.0,6.0,0.0,31.0,31.0,179.2,6.26,2.0,0.95,0.3,76.6,42.4,9.1,92.9,3.61,4.27,3.89,4.56,3.0,2021.0,1,0,0,2,Chris Flexen
166,14168,11.0,7.8,0.0,28.0,28.0,163.84,9.056,2.662,1.206,0.2938,74.0,41.42,12.8,93.94,4.054,4.272,3.966,4.058,2.74,2020.0,1,0,0,2,Jose Berrios
167,14309,13.0,9.0,0.0,32.0,32.0,187.0,9.96,2.74,0.96,0.296,74.5,42.8,11.4,96.6,3.37,3.98,3.37,3.64,4.0,2021.0,2,0,0,2,Frankie Montas
168,14361,8.0,12.0,0.0,34.0,24.0,163.2,4.01,2.36,0.93,0.29,66.3,46.7,9.6,90.3,4.78,4.93,4.42,5.01,1.2,2017.0,2,0,0,4,Ty Blach
169,14682,8.0,11.0,0.0,29.0,29.0,163.2,6.49,3.57,0.93,0.325,68.3,61.8,15.6,94.4,4.67,4.89,4.4,4.24,1.7,2017.0,2,0,0,2,Luis Perdomo
170,14916,11.0,9.5,0.0,30.0,30.0,170.05,9.735,2.94,1.185,0.315,67.15,45.5,15.45,95.3,4.865,4.015,3.84,3.54,3.0,2017.0,1,0,0,1,Jon Gray
171,15038,10.3333333333333,8.83333333333333,0.0,27.6666666666667,27.6666666666667,162.4,8.675,2.705,1.19833333333333,0.3025,70.0333333333333,48.55,15.5666666666667,95.4833333333333,4.33666666666667,4.235,3.95166666666667,3.71833333333333,2.83333333333333,2019.5,0,0,0,2,German Marquez
172,15423,6.5,6.5,0.0,21.0,21.0,123.1,9.225,2.405,1.28,0.298,70.0,40.1,13.75,,4.3,4.255,3.89,3.915,2.2,2019.0,1,0,0,1,Andrew Heaney
173,15440,7.0,10.6666666666667,0.0,25.0,25.0,138.433333333333,9.63666666666667,2.8,1.85333333333333,0.291,70.4333333333333,33.9333333333333,16.3666666666667,91.6,5.22,4.19333333333333,4.85,4.52333333333333,1.76666666666667,2019.0,0,0,0,1,Matthew Boyd
174,15454,8.5,13.0,0.0,33.0,32.5,171.6,9.545,3.23,1.335,0.313,72.15,42.6,14.1,94.3,4.665,4.085,4.105,3.84,2.15,2020.0,0,0,0,3,Nick Pivetta
175,15467,11.5,9.75,0.0,26.5,26.5,155.35,6.9225,1.8925,1.1125,0.2885,72.0,41.3,10.625,89.1,3.805,4.19,3.9875,4.4325,2.3,2019.75,1,0,0,1,Marco Gonzales
176,15474,9.75,8.5,0.0,26.0,26.0,149.9,10.0775,3.4175,1.245,0.26625,72.15,38.725,13.525,93.775,4.1375,3.7625,3.9925,4.055,2.85,2019.5,3,0,0,3,Lucas Giolito
177,15488,5.0,3.0,0.0,12.0,12.0,73.1,5.03,2.21,1.1,0.268,79.6,50.8,12.9,94.4,3.44,4.67,4.57,4.81,1.1,2020.0,0,0,0,4,Antonio Senzatela
178,15514,10.0,11.0,0.0,31.0,31.0,186.0,5.23,2.27,1.06,0.289,74.4,52.1,12.9,93.1,4.11,5.14,4.39,4.38,1.9,2016.0,0,0,0,1,Kendall Graveman
179,15689,9.25,10.5,0.0,27.0,27.0,154.15,10.0175,3.255,1.02,0.29775,72.35,54.025,15.825,96.775,3.7225,3.56,3.605,3.405,3.15,2019.5,1,0,0,1,Luis Castillo
180,15734,7.0,14.0,0.0,28.0,28.0,165.1,6.64,3.81,0.82,0.282,72.2,50.0,10.2,93.8,4.19,4.82,4.35,4.94,2.2,2019.0,0,0,1,5,Brad Keller
181,15873,11.0,10.0,0.0,32.0,32.0,179.1,9.74,2.06,1.25,0.318,77.3,42.0,13.8,,3.91,4.12,3.66,3.62,3.2,2021.0,0,0,0,1,Sean Manaea
182,15890,16.5,7.0,0.0,31.5,31.5,192.1,10.53,2.265,0.935,0.293,75.25,45.85,12.7,97.65,3.185,3.43,3.01,3.07,5.5,2017.5,0,0,0,1,Luis Severino
183,16162,6.0,7.5,0.0,21.5,21.5,126.15,10.855,2.18,1.0,0.265,80.3,45.45,13.4,96.65,2.805,3.085,3.08,3.17,3.4,2020.5,1,0,0,2,Brandon Woodruff
184,16256,9.33333333333333,7.0,0.0,25.6666666666667,25.6666666666667,148.833333333333,6.77,2.92333333333333,0.963333333333333,0.302666666666667,76.5333333333333,46.5,11.2666666666667,91.5666666666667,3.90333333333333,4.67666666666667,4.17666666666667,4.41666666666667,2.56666666666667,2020.0,0,0,0,1,Kyle Freeland
185,16358,13.0,6.0,0.0,33.0,33.0,180.0,10.5,3.2,1.2,0.297,77.6,42.2,14.1,94.2,3.75,3.73,3.8,3.74,3.8,2021.0,1,0,0,4,Tyler Mahle
186,16400,8.5,12.5,0.0,32.5,32.5,186.1,7.735,3.38,1.45,0.288,72.25,34.0,11.75,95.55,4.645,4.98,4.835,5.245,2.35,2018.5,1,0,0,1,Reynaldo Lopez
187,16511,9.0,6.0,0.0,32.0,32.0,178.1,7.97,1.82,1.06,0.275,75.5,47.6,13.0,93.1,3.48,4.0,3.61,3.43,2.7,2022.0,1,0,0,2,Jordan Montgomery
188,16943,12.0,9.0,0.0,31.0,30.0,164.0,8.78,4.45,0.99,0.273,74.8,43.4,11.2,93.0,3.9,3.71,4.14,4.33,1.9,2018.0,0,0,0,2,Sean Newcomb
189,16977,14.0,10.0,0.0,31.0,31.0,170.2,6.64,2.9,0.79,0.261,76.6,40.8,8.0,91.3,3.11,4.04,3.86,4.54,2.7,2018.0,1,0,0,3,Trevor Williams
190,17085,10.0,10.0,0.0,32.0,32.0,180.0,8.7,2.65,1.05,0.283,74.2,46.1,12.7,93.5,3.75,3.75,3.71,3.56,2.8,2022.0,1,0,0,2,Pablo Lopez
191,17186,3.0,1.0,0.0,12.0,12.0,69.0,12.13,2.61,0.65,0.234,80.4,36.9,7.9,97.0,2.09,2.79,2.48,3.3,2.5,2020.0,0,0,0,1,Dinelson Lamet
192,17479,11.0,8.0,0.0,33.0,33.0,196.1,10.59,2.52,1.15,0.242,83.3,39.5,13.8,94.5,2.75,3.38,3.46,3.64,4.7,2019.0,0,0,0,2,Jack Flaherty
193,18000,11.0,11.0,0.0,31.0,30.0,191.1,8.94,2.07,1.18,0.237,80.3,32.7,10.3,92.7,2.96,3.54,3.59,3.77,3.6,2022.0,1,0,0,1,Triston McKenzie
194,18383,13.0,4.0,0.0,29.0,29.0,174.2,7.32,2.11,0.72,0.28,79.9,51.2,11.1,92.9,2.68,4.11,3.45,3.85,4.0,2019.0,0,0,0,2,Mike Soroka
195,18413,13.0,8.0,0.0,29.0,28.0,164.1,7.34,2.08,1.59,0.264,78.9,36.0,12.9,93.6,3.94,4.56,4.6,4.32,1.1,2022.0,0,0,0,1,Jose Urquidy
196,18525,13.5,7.5,0.0,32.0,32.0,174.6,11.69,3.755,0.935,0.2845,78.1,36.05,9.85,96.85,3.055,3.175,3.255,3.61,4.4,2021.5,0,0,0,1,Dylan Cease
197,18684,9.66666666666667,12.6666666666667,0.0,32.3333333333333,32.3333333333333,210.166666666667,7.94666666666667,2.61666666666667,0.866666666666667,0.267666666666667,75.0,50.4333333333333,10.8666666666667,97.2666666666667,3.11666666666667,3.66333333333333,3.65333333333333,3.97,4.1,2020.66666666667,4,0,1,5,Sandy Alcantara
198,19206,16.0,7.0,1.0,33.0,32.0,174.2,7.01,4.43,1.13,0.274,78.1,56.9,19.8,94.1,3.35,5.09,4.93,4.55,0.9,2019.0,0,0,0,1,Dakota Hudson
199,19244,9.5,14.0,0.0,31.0,31.0,179.55,6.335,1.955,1.2,0.2875,71.25,37.65,10.45,90.95,4.11,4.66,4.255,4.585,1.7,2021.5,1,0,0,2,Cole Irvin
200,19291,7.5,3.0,0.0,21.5,21.5,128.0,9.82,2.715,0.93,0.2515,80.8,45.8,12.2,93.55,2.645,3.425,3.355,3.465,2.85,2021.0,1,0,0,2,Zac Gallen
201,19312,15.0,5.0,0.0,32.0,32.0,186.1,6.18,2.27,1.01,0.278,76.4,42.1,9.6,93.9,3.38,4.31,4.12,4.39,2.2,2022.0,1,0,0,2,Cal Quantrill
202,19320,10.0,10.0,0.0,30.0,30.0,163.2,8.69,3.08,1.26,0.271,73.0,47.0,13.9,90.6,4.18,3.86,4.17,4.36,2.1,2019.0,1,0,0,1,Joey Lucchesi
203,19361,11.5,6.5,0.0,30.5,30.5,184.5,11.72,2.05,0.7,0.284,76.25,47.9,10.1,96.35,2.685,2.525,2.385,2.575,6.05,2021.5,0,0,0,1,Corbin Burnes
204,19427,12.0,5.66666666666667,0.0,25.6666666666667,25.3333333333333,163.733333333333,11.33,1.91333333333333,0.973333333333333,0.283333333333333,81.4333333333333,46.8333333333333,13.9,93.0,2.59666666666667,3.32,2.75333333333333,2.75,4.53333333333333,2020.33333333333,0,0,0,1,Shane Bieber
205,19479,4.0,6.0,0.0,12.0,12.0,74.0,8.39,1.95,1.34,0.333,72.4,44.2,15.7,91.4,4.74,4.45,4.03,3.92,1.2,2020.0,0,0,0,1,Aaron Civale
206,19665,21.0,5.0,0.0,30.0,30.0,180.1,8.68,2.65,0.95,0.284,78.9,55.6,14.4,95.1,3.19,3.89,3.58,3.3,2.9,2022.0,1,0,0,2,Kyle Wright
207,21483,12.0,8.0,0.0,28.0,28.0,166.1,10.5,2.06,1.03,0.251,80.5,50.2,15.7,97.0,2.54,2.79,3.0,2.6,3.5,2022.0,1,0,0,1,Shane McClanahan
208,22250,13.0,6.0,0.0,32.0,32.0,185.2,8.43,2.38,0.92,0.292,77.6,36.7,9.2,96.1,3.2,4.11,3.46,3.78,3.2,2022.0,0,0,0,1,Logan Gilbert
209,25377,4.0,5.0,0.0,12.0,12.0,64.1,8.53,3.22,1.12,0.26,72.9,53.1,15.1,93.0,4.06,3.84,4.08,4.05,1.0,2020.0,0,0,0,1,Brady Singer
