"Player ID","W","L","SV","G","GS","IP","K/9","BB/9","HR/9","BABIP","vFA (pi)","ERA","xERA","FIP","xFIP","WAR","Year","Years Below Median","Outliers","Outliers No Rookie","Number of Years Played"
27,11,16,0,33,33,190.2,4.91,3.02,1.46,0.304,NA,5.57,NA,5.46,5.29,0.2,2006,0,0,0,2
535,13.5,8.25,0,32,31.75,187.825,5.555,2.8625,0.905,0.3065,NA,4.385,NA,4.25,4.4175,2.525,2008.25,1,0,0,1
573,10,11,0,33,33,182,5.93,3.21,1.34,0.294,91.7,4.95,NA,4.93,4.72,1.2,2008,0,0,0,1
633,11.3333333333333,9.66666666666667,0,32.3333333333333,32.3333333333333,191.133333333333,4.81666666666667,3.20666666666667,1.09666666666667,0.304,NA,4.56666666666667,NA,4.87666666666667,4.73666666666667,1.5,2007,0,0,0,1
944,11.8333333333333,12.5,0,33.1666666666667,32.8333333333333,195.4,6.28333333333333,3.99,0.976666666666667,0.280166666666667,NA,4.30666666666667,NA,4.58,4.875,1.66666666666667,2008.66666666667,1,0,0,1
976,12.25,10.25,0,33.5,33.5,207.875,6.4975,3.0575,1.045,0.27925,89.375,3.8475,NA,4.315,4.3775,2.175,2009.5,1,0,0,1
1118,10.6666666666667,8.66666666666667,0,32,30,181,7.82333333333333,3.16333333333333,1.29,0.248333333333333,89.5,3.86333333333333,3.67666666666667,4.38666666666667,4.88666666666667,2.36666666666667,2016,1,0,0,2
1245,12.25,11.25,0,32,31.5,203.525,6.59125,2.6975,1.07875,0.272875,NA,3.675,NA,4.2275,4.2,2.2375,2013.5,1,0,0,2
1259,13.25,11.5,0,31.5,31.5,193.85,7.41,2.455,1.2425,0.292,89.95,4.49,NA,4.18,4.205,2.675,2012.5,1,0,0,1
1478,11,6,0,29,27,162.1,7.71,3.94,0.72,0.31,91.3,4.32,NA,3.78,4.14,2.3,2013,0,0,0,3
1890,10,12.6666666666667,0,32,31.6666666666667,183.1,8.2,3.61333333333333,1.14333333333333,0.299333333333333,93.5666666666667,4.47,NA,4.28333333333333,4.67,1.8,2015,1,1,0,4
1931,8.5,14,0,32,32,192.05,6.03,4.63,1.15,0.297,94.2,5.4,NA,5.31,5.02,0.9,2007.5,1,0,0,1
1994,11.8333333333333,9.16666666666667,0.166666666666667,30.3333333333333,29.1666666666667,172.033333333333,6.43833333333333,2.26166666666667,1.29333333333333,0.304833333333333,93.1833333333333,4.32333333333333,NA,4.455,4.19333333333333,1.8,2015.5,3,1,0,4
2036,15.8888888888889,6.66666666666667,0,30.8888888888889,30.6666666666667,206.088888888889,9.88555555555556,2.39444444444444,0.683333333333333,0.268222222222222,93.3333333333333,2.39777777777778,NA,2.74222222222222,2.99555555555556,5.96666666666667,2013.33333333333,1,0,0,1
2038,10.75,12,0,33.5,31.25,198.775,7.4025,3.435,0.64,0.305,93.475,4.0725,NA,3.68,3.7475,3.525,2011.5,0,0,0,2
2072,10.375,12.5,0,32.375,30.875,197.125,5.36125,2.50375,1.2325,0.279625,93.3625,4.1825,NA,4.6725,4.56125,1.5875,2010.5,1,0,0,1
2074,19,6.5,0.5,32,31.5,208.55,3.92,2.405,0.455,0.2935,NA,3.665,NA,3.85,4.17,3.75,2006.5,1,0,0,2
2141,12,9,0,37,28,167.2,7.35,3.17,1.13,0.301,89.1,4.99,NA,4.22,4.15,1.2,2010,0,0,0,1
2155,14,11,0,31.5,31.5,191.55,5.725,2.92,1.085,0.2795,93.85,4.245,NA,4.55,4.41,1.35,2014.5,1,0,0,1
2429,15.5,9.16666666666667,0,31.8333333333333,31.8333333333333,209.066666666667,9.72166666666667,1.72,0.903333333333333,0.290666666666667,92.4833333333333,3.09166666666667,NA,2.96166666666667,3.10666666666667,5.56666666666667,2017,1,1,1,5
2520,13.2857142857143,8.57142857142857,0,30.1428571428571,29.2857142857143,176.242857142857,8.88142857142857,3.19,0.897142857142857,0.293142857142857,93.5857142857143,3.42,NA,3.67142857142857,3.98714285714286,3.12857142857143,2015.71428571429,0,0,0,2
2608,13.25,10.5,0,32.25,32.25,190.85,6.91,3.4325,0.805,0.26775,91.275,3.62,NA,3.9975,4.2325,2.75,2014.75,2,0,0,5
2660,15,7,0,28,28,172.2,6.1,2.81,0.94,0.293,90.9,4.22,NA,4.03,4.15,2.4,2010,0,0,0,1
2717,13.5454545454545,10.7272727272727,0,31.1818181818182,30.8181818181818,185,6.59909090909091,2.11636363636364,1.12909090909091,0.306818181818182,92.1090909090909,4.40818181818182,NA,4.10454545454545,4.03090909090909,2.53636363636364,2014,1,0,0,1
2859,10,8,0,33,27,164.1,5.75,2.85,0.82,0.263,93.9,3.4,NA,4.04,4.34,1.6,2012,0,0,0,1
2929,9,9,0,30,30,167.1,6.83,3.88,0.7,0.295,91.65,4.005,NA,3.99,4.065,1.2,2014,3,1,0,6
3126,8,10,0,30,25,166,5.64,3.2,0.81,0.31,93.1,4.23,NA,4.28,4.36,1.7,2012,2,0,0,4
3201,10.25,10,0,30.5,30,175.625,9.575,3.82,0.825,0.3,93.8,3.7675,NA,3.5825,3.4325,2.75,2013.75,1,0,0,1
3254,9.57142857142857,12.8571428571429,0,31.7142857142857,31.7142857142857,201.714285714286,8.09142857142857,2.31571428571429,1.12428571428571,0.289142857142857,94.6428571428571,3.97857142857143,NA,3.82857142857143,3.82714285714286,2.84285714285714,2015.14285714286,0,0,0,1
3292,8,12,0,33,27,172.1,6.42,2.92,1.46,0.29,93.7,4.75,NA,4.83,4.29,0.2,2014,1,0,0,3
3340,10.4,9.8,0.2,30.6,30.4,190.5,7.422,2.954,0.914,0.2778,94.14,3.704,NA,3.844,3.988,3.08,2010.4,1,0,0,1
3374,12.8571428571429,11.5714285714286,0,32.4285714285714,32.4285714285714,195.414285714286,8.33,3.96571428571429,0.757142857142857,0.298,94.3571428571429,3.97571428571429,NA,3.78,3.92714285714286,3.68571428571429,2011.14285714286,0,0,0,1
3403,12.75,10.75,0,31.25,31.25,198.5,6.97,3.98,0.9075,0.29375,92.2,4.18,NA,4.325,4.0875,2.25,2010.5,2,0,0,3
3455,7,16,0,32,32,190.1,5.25,4.11,0.99,0.256,88.4,4.16,NA,4.82,5.23,1.4,2008,2,0,1,6
3542,12,3,0,42,26,179.2,9.42,2.1,1.35,0.291,95.6,3.51,3.99,3.83,3.79,2.9,2016,1,0,0,1
3543,12,8.66666666666667,0,28.3333333333333,28.3333333333333,177.466666666667,6.44,3.12,0.853333333333333,0.286333333333333,93.3,4.07666666666667,NA,4.09,4.17333333333333,1.7,2012,2,0,0,2
3551,12,12.6666666666667,0,32.6666666666667,32.6666666666667,205.5,6.04,2.63333333333333,1.02666666666667,0.311333333333333,NA,4.17666666666667,NA,4.22,3.98666666666667,1.6,2013,2,0,0,3
3642,8,12,0,32,32,183.2,6.17,3.92,0.98,0.316,92.7,5.34,NA,4.46,4.73,1.7,2010,0,0,0,2
3688,13,9,0,29,28,176,5.06,1.99,1.02,0.278,90.9,3.58,NA,4.29,4.21,2,2008,0,0,0,1
3840,8.66666666666667,15,0,32.3333333333333,32.3333333333333,204.366666666667,4.53333333333333,2.4,0.866666666666667,0.312,NA,4.45,NA,4.25666666666667,4.40333333333333,3,2007.66666666667,0,0,0,1
3886,12.4,11.2,0,30.8,30.6,189.48,7.18,2.81,1.032,0.2884,92.1,4.128,NA,4.054,3.964,3.06,2010,1,0,0,1
3990,12.1666666666667,9.33333333333333,0,33,32.3333333333333,188.283333333333,7.60666666666667,3.945,0.821666666666667,0.298,94.2833333333333,4.17,NA,4.07333333333333,4.19,1.85,2013,1,0,0,2
4026,11,9.5,0,33,32.5,181.1,7.595,3.725,1.535,0.256,91.5,4.145,4.735,5.04,5.23,0.7,2015.5,1,0,0,1
4141,11.25,7.5,0,32.5,30.5,189.3,7.9175,2.985,1.1225,0.29025,93.65,3.9025,NA,4,3.9125,2.875,2013.5,1,0,0,2
4153,16,8.75,0,31.25,31.25,191.6,8.4625,2.8175,0.86,0.26325,93.475,3.09,3.5025,3.5725,3.62,3.75,2016.5,1,0,0,2
4222,13,7,0,30,28,178.2,6.35,3.07,1.41,0.236,88.9,3.73,NA,4.88,4.43,1.4,2008,1,0,0,2
4270,11,11,0,33,33,199.15,4.38,1.805,1.08,0.303,92.5,4.04,NA,4.385,4.45,2.15,2008.5,0,0,0,2
4366,12.3333333333333,12.1666666666667,0,31.3333333333333,31.3333333333333,192.716666666667,5.03833333333333,2.69833333333333,1.16666666666667,0.294666666666667,90.9666666666667,4.25,NA,4.61333333333333,4.45,1.23333333333333,2010.5,1,0,0,1
4371,11,10.4,0,30.8,30.6,178.6,6.292,2.748,1.314,0.2622,91.18,4.072,NA,4.602,4.562,1.56,2013.8,3,0,0,4
4424,10,10,0,30.75,29.75,181.675,6.845,2.6225,0.98,0.3,90.425,3.7825,NA,3.995,3.795,1.875,2012.75,0,0,0,3
4505,13.2,8.6,0,31,31,193.96,7.254,1.69,0.792,0.2908,94.14,3.138,NA,3.292,3.592,3.78,2013,1,0,0,1
4535,10,12,0,29.5,29.5,179.6,6.165,2.71,0.82,0.2995,90.7,3.655,NA,3.905,4.06,2.8,2009.5,0,0,0,2
4538,10,10.1428571428571,0.142857142857143,31.2857142857143,29.8571428571429,173.728571428571,7.29142857142857,2.53285714285714,1.13142857142857,0.297,92.9285714285714,4.31857142857143,NA,4.09857142857143,4.05428571428571,2.22857142857143,2013.14285714286,1,0,0,1
4593,11,12,0,37,29,187,5.87,3.66,0.72,0.278,NA,3.71,NA,4.15,4.37,2.5,2006,0,0,0,1
4913,12.5,8,0,30.5,30.5,189.05,6.535,3.005,0.845,0.275,93.05,3.72,NA,3.915,4.18,2.5,2012.5,1,0,0,2
5089,12,9,0,27,27,173,4.68,1.61,0.88,0.292,89.9,3.54,NA,3.94,3.93,2.4,2012,2,0,0,7
5221,9,5,0,32,27,162,7.22,2.22,1.33,0.273,86.3,3.72,4.3,4.28,4.47,1.6,2018,2,0,0,4
5279,14,7.5,0,32,32,189.55,6.9725,3.1525,1.095,0.27775,92.2,3.9525,NA,4.2775,4.3,2.175,2014.5,1,0,0,3
5372,7.5,11,0,30,30,173.1,9.86,2.805,1.165,0.2985,94.9,4.28,NA,3.61,3.415,3.35,2013.5,1,0,0,3
5508,9,9,0,29,29,168,6.32,4.13,0.54,0.312,91.5,4.34,NA,4.09,4.51,2.2,2008,2,0,0,2
5523,10.5,8.5,0,30.5,30,171,7.71,3.87,1.185,0.2855,93.3,4.21,NA,4.445,4.335,1.2,2011.5,1,0,0,3
5524,14.5714285714286,10,0,32.7142857142857,32.7142857142857,211.714285714286,9.00571428571429,2.04285714285714,0.894285714285714,0.283,92.2285714285714,3.12857142857143,NA,3.18285714285714,3.38857142857143,3.81428571428571,2014.28571428571,2,0,0,2
5551,16,10,0,31.5,31,199.15,5.86,2.625,0.78,0.287,93.4,3.34,NA,3.775,3.99,3.75,2011.5,1,0,0,2
5556,13.5,10,0,32.5,32.5,201.55,6.5,3.245,0.58,0.2845,92.1,3.14,NA,3.635,4.1,3.4,2008.5,3,0,0,3
5669,10.5,10.5,0,30.5,30.5,187.05,4.57,2.09,1.03,0.2975,94.6,3.75,NA,4.38,3.995,1.4,2013,2,0,0,2
5867,14,10,0,30,30,185,9.49,2.58,1.12,0.278,95.9,3.45,3.75,3.61,3.48,3,2015,2,0,0,2
5879,9,9,0,30,26,162.1,5.32,1.83,1.22,0.275,90.3,3.38,NA,4.29,4,1.1,2011,0,0,0,1
6068,7,9,0,31,31,167,5.07,3.99,1.4,0.286,85.9,4.63,NA,5.56,5.52,0.1,2007,0,0,0,2
6230,10.3333333333333,12,0,31.6666666666667,31,187.066666666667,5.03,2.44666666666667,1.10666666666667,0.293333333333333,NA,4.68,NA,4.48666666666667,4.37333333333333,1.16666666666667,2012.33333333333,1,0,0,2
6249,13.25,11.75,0,32,32,195.4,5.83,3.3475,0.9425,0.27475,91.35,3.885,NA,4.3675,4.1275,1.725,2010.5,1,0,0,1
6329,11,11.5,0,31,31,191.433333333333,6.71333333333333,2.93,1.015,0.2905,91.0166666666667,4.09833333333333,NA,4.13333333333333,4.20833333333333,2.76666666666667,2011.16666666667,0,0,0,1
6345,10.25,13.25,0,33.25,33.25,202.075,10.0675,2.955,0.9775,0.303,95.6,3.6625,NA,3.375,3.3675,3.85,2015.5,1,1,0,4
6397,9.25,9.5,0,31,31,172.1,8.53,3.005,1.13,0.28175,91.8,3.915,NA,3.965,4.2925,2.25,2015.75,2,0,0,4
6432,9,12,0,31,31,185.2,6.2,2.57,0.97,0.282,91.7,3.73,NA,4.03,3.71,1.7,2011,0,0,0,2
6562,11,9.5,0,28,28,172.6,7.24,2.375,0.85,0.282,92.2,3.265,NA,3.695,3.785,2.35,2015.5,4,1,0,4
6570,10,12.3333333333333,0,32.3333333333333,32,184.8,7.09,3.75666666666667,0.976666666666667,0.290333333333333,93.1,4.07333333333333,NA,4.32333333333333,4.47333333333333,1.4,2015,2,1,1,5
6632,13,8,0,26.5,26,160.8,10.6075,2.4425,0.9675,0.3045,94.45,3.3,3.425,3.1175,3.1125,4.225,2017.5,2,1,1,5
6797,10.8571428571429,10.2857142857143,0,31.7142857142857,31.7142857142857,190.271428571429,7.90571428571429,3.07285714285714,1.16714285714286,0.266714285714286,91.5142857142857,3.65428571428571,NA,4.24428571428571,4.39,1.95714285714286,2016,2,0,0,3
6893,12.75,8.875,0,29.375,29.375,185.6,7.665,2.6675,0.98625,0.283875,93.275,3.69,NA,3.9075,3.96875,2.9125,2013,0,0,0,2
6902,9.6,8.6,0,28.2,27.6,161.28,6.408,3.474,0.97,0.2982,93.3,4.344,4.716,4.392,4.632,2.12,2018.8,2,0,0,4
6943,9.5,13.5,0,31.5,31.5,191.55,6.405,2.89,1.18,0.295,93.3,5.205,NA,4.46,4.185,1.8,2011.5,0,0,0,1
6986,12.1428571428571,10.7142857142857,0,32.1428571428571,32.1428571428571,195.642857142857,8.43142857142857,2.91857142857143,1.20428571428571,0.287285714285714,91.5428571428571,3.88571428571429,NA,4.08142857142857,3.96142857142857,2.02857142857143,2013,0,0,0,1
7024,11,8,0,30,28,171.1,6.3,2.78,1.26,0.26,92.4,3.78,NA,4.45,4.31,1.7,2013,0,0,0,1
7080,9.33333333333333,13.6666666666667,0,32.3333333333333,32.3333333333333,190.766666666667,4.94666666666667,3.41,0.943333333333333,0.278,89,3.83,NA,4.59,4.37333333333333,1.16666666666667,2009.33333333333,3,0,0,5
7146,16,12,0,33,33,222,6.85,2.03,0.69,0.295,94.2,3.49,NA,3.28,3.79,4.2,2011,0,0,0,2
7312,11,9,1,33,28,179.1,5.77,1.96,0.9,0.267,74.8,3.46,NA,3.87,4.07,1.6,2014,2,1,0,4
7396,12,11,0,32,32,199,6.42,2.13,1.09,0.296,90.1,3.62,NA,4,4.07,2,2013,2,0,0,3
7410,15,5.5,0,32.5,29.25,177.55,7.9125,2.685,1.0775,0.2795,92.125,3.3425,NA,3.92,4.045,2.625,2014.5,2,0,0,3
7441,11.5,10,0,29,29,176,5.595,3.2,1.21,0.276,92.8,4.26,NA,4.73,4.715,1.25,2010.5,0,0,0,4
7448,13.75,9.5,0,32,32,190.1,8.5225,3.67375,0.7275,0.29125,92.425,3.51625,NA,3.56875,3.84125,3.4125,2014,1,0,0,3
7450,16.6666666666667,10.3333333333333,0,31.6666666666667,31,192.133333333333,7.73,1.93666666666667,1.20666666666667,0.294333333333333,93.1,3.96666666666667,NA,3.82,3.88666666666667,3.76666666666667,2012,0,0,0,1
7531,16,8.5,0,32.5,32.5,193.7,8.095,2.485,1.03,0.324,91.15,4.115,3.42,3.765,4,3.1,2015.5,2,1,0,4
7541,11,11,0,32,32,193.2,6.51,3.62,0.6,0.289,93.5,3.76,NA,3.75,3.89,2.7,2012,1,0,0,3
7593,11,12,0,32,31,179.5,7.27,2.705,1.605,0.306,92.6,4.785,5.155,4.87,4.56,0.75,2021.5,0,0,0,2
7608,13,10,0,31,31,190,6.49,1.71,1.14,0.31,88.4,3.74,NA,3.93,4.02,3.1,2012,1,0,0,3
7667,13,9,0,32,32,193.1,5.77,1.72,0.98,0.302,78.9,4.38,NA,3.91,4.3,3.9,2008,0,0,0,1
7738,14,13,0,32,32,190.65,6.655,3.17,0.985,0.294,95.85,3.95,NA,4.205,3.885,1.2,2013.5,1,0,0,3
7754,11.25,7.5,0,31.5,30.75,176.125,7.385,2.4875,1.43,0.27975,90.15,3.9075,4.615,4.545,4.465,1.75,2017,0,0,0,2
7872,11.5,13,0,32,32,195.6,9.35,3.585,0.505,0.3055,94.15,3.035,NA,3.11,3.13,3.3,2014.5,0,0,0,1
8011,9.5,15,0,32.5,32.5,189.6,5.735,2.035,1.065,0.299,88.25,4.115,NA,4.08,4.15,1.4,2013.5,1,0,0,2
8044,12.4,11.4,0,31.6,31.6,195.3,6,2.464,1.108,0.2798,87.7,3.95,NA,4.246,4.498,2.32,2012.8,1,0,0,1
8137,12,9.33333333333333,0,30.6666666666667,30,176.166666666667,7.44666666666667,2.94333333333333,0.85,0.305,90.7,3.64333333333333,NA,3.71,3.56666666666667,2.23333333333333,2012.33333333333,1,0,0,1
8173,13.2857142857143,10,0,31.8571428571429,31.8571428571429,191.1,8.21714285714286,3.35428571428571,0.932857142857143,0.296571428571429,92.4142857142857,3.69428571428571,NA,3.76428571428571,3.63285714285714,2.41428571428571,2012,0,0,0,1
8223,11.3333333333333,9.66666666666667,0,30.6666666666667,30.6666666666667,177.066666666667,6.03,2.37333333333333,0.983333333333333,0.299,92,3.88,NA,4.06666666666667,3.95333333333333,2.4,2014.33333333333,1,0,0,1
8268,11,10,0,29,29,176.2,5.55,2.7,1.27,0.264,92.3,3.92,NA,4.72,4.56,1.7,2009,0,0,0,1
8362,12.3333333333333,10.3333333333333,0,32,32,193.366666666667,8.01666666666667,2.5,1.04666666666667,0.291666666666667,93.8333333333333,3.91333333333333,NA,3.79666666666667,3.90333333333333,3.16666666666667,2014.66666666667,0,0,0,1
8375,8,12,0,30,28,170,4.29,2.7,1.38,0.287,91.4,4.98,NA,5.14,4.71,0.5,2010,1,0,0,2
8586,9,9,0,28,26,163,6.4,2.26,0.77,0.275,91.1,3.75,NA,3.58,3.86,3.1,2011,2,0,0,4
8591,12.5,7,0,30.5,29.5,177.15,6.495,3.045,1.07,0.282,92.25,4.165,NA,4.34,4.32,2.1,2009.5,1,0,0,2
8753,12.6,11.2,0,31.8,31,186.9,7.55,2.672,1.062,0.2914,92.26,3.808,NA,4.066,4.244,2.72,2016.8,1,0,0,3
8779,11.4285714285714,10,0,31.5714285714286,31.1428571428571,183.828571428571,7.15142857142857,2.80857142857143,0.991428571428571,0.304142857142857,91.4571428571429,4.05714285714286,NA,3.97857142857143,3.96142857142857,2.32857142857143,2015.71428571429,2,0,0,3
9129,11.5,10.5,0,32.5,32.5,188.2,7.99,3.075,1.005,0.3,91.95,3.905,NA,3.935,4.055,1.95,2011,2,0,0,2
9323,10.6666666666667,9.66666666666667,0,28.8333333333333,28.6666666666667,172.616666666667,8.92166666666667,2.68666666666667,1.185,0.311333333333333,91.8666666666667,4.05333333333333,NA,3.84166666666667,3.66333333333333,3.03333333333333,2018,0,0,0,2
9388,12.5,8,0,28,27.5,169.55,5.47,1.085,1.585,0.2645,88.5,4.325,NA,4.575,4.08,1.55,2013.5,1,0,0,3
9417,15,12,0,32,31,197,7.17,2.15,0.82,0.298,90.5,3.11,NA,3.48,3.55,2.4,2013,1,0,0,2
9425,11.8,11,0,30,29.6,187.88,5.788,1.906,0.786,0.2934,89.08,3.532,NA,3.722,3.974,3.02,2012.8,1,0,0,2
9434,11.3333333333333,8.5,0,27.5,27.1666666666667,171.55,6.77333333333333,2.49333333333333,0.78,0.288333333333333,89.5333333333333,3.49333333333333,NA,3.665,3.67333333333333,2.88333333333333,2017.33333333333,0,0,0,2
9460,12,8.5,0,33.5,32,186.15,8.02,3.2,1.5,0.2635,90.25,4.01,4.235,4.73,4.86,1.6,2016.5,3,0,0,5
9492,9.5,11,0,30,29.5,173.85,8.1,3.29,1.0875,0.30175,93.45,4.0625,NA,4.0825,4.0125,1.9,2012.5,1,0,0,1
9784,14,8,0,29,29,187.65,8.195,3.01,0.57,0.269,96.7,3.13,NA,3.23,3.475,3.55,2014.5,1,0,0,2
9884,8.5,12.5,0,31.5,31.5,186.6,7.025,3.455,0.925,0.284,89.85,4.07,NA,4.135,4.505,2.2,2013.5,0,0,0,3
9901,8.5,11,0,29.5,29.5,170.1,5.805,2.875,1.06,0.304,91.7,4.735,NA,4.33,4.035,1.1,2010.5,1,1,1,6
10021,12.6666666666667,9.66666666666667,0,31.3333333333333,31.3333333333333,197.133333333333,7.96,2.59,1.19,0.270333333333333,91.6666666666667,3.64,NA,4,4.18666666666667,2.73333333333333,2014.66666666667,1,0,0,1
10123,9.33333333333333,9.83333333333333,0,28.1666666666667,28,164.3,7.23333333333333,3.20666666666667,1.035,0.292666666666667,92.7333333333333,4.34,NA,4.23833333333333,4.04833333333333,2.18333333333333,2018.33333333333,0,0,0,1
10197,10.3333333333333,11.6666666666667,0,32,31.6666666666667,187.066666666667,7.50666666666667,3.25,0.896666666666667,0.273666666666667,94.5333333333333,3.27333333333333,NA,3.88666666666667,4.09,2.13333333333333,2014,1,0,0,2
10302,12,11,0,31,31,177.2,7.14,3.24,0.81,0.299,90.1,3.95,4.28,4.02,3.98,1.3,2015,1,0,0,4
10304,13,11,0,30,30,180.1,5.74,3.64,0.45,0.29,NA,3.69,NA,3.77,4.15,2,2014,1,0,0,2
10310,10.4,7.6,0,27,27,169.28,8.808,2.564,0.688,0.2976,96.68,3.302,NA,3.218,3.592,4.06,2018.4,2,0,0,2
10314,11,6,0,34,27,163.1,6.94,2.2,0.88,0.272,92.1,3.75,3.88,3.76,3.88,2.3,2015,1,0,1,5
10547,10.3333333333333,11.6666666666667,0,30.3333333333333,30.3333333333333,177.1,8.25,3.36,0.993333333333333,0.308,94.1333333333333,4.07333333333333,3.95,4.09,4.04,2.4,2016,1,0,0,3
10587,14,8,0,32,32,186,6.68,2.85,1.06,0.31,92.5,4.79,4.65,4.26,4.14,2.5,2016,0,0,0,1
10732,11,13,0,32,32,184.2,8.97,2.92,1.12,0.293,92.9,4.48,NA,3.85,3.82,2.6,2014,1,0,0,4
10811,13,10,0,31,31,183,9.93,3.34,0.84,0.251,96.4,2.85,3.13,3.37,3.77,3.8,2018,0,0,0,3
10954,10.8,7.4,0,27.4,27.4,176.22,11.302,2.132,0.836,0.2854,96.76,2.516,2.76,2.624,2.864,5.5,2017.8,1,0,0,2
11132,14,10,0,32,32,200,7.69,2.43,1.62,0.242,89.7,3.82,NA,4.55,4.18,1.5,2013,0,0,0,1
11156,13,11,0,32.5,32.5,191.6,7.855,2.77,1.18,0.2805,92.25,3.895,4.495,4.08,4.22,2.6,2020.5,0,0,0,2
11486,12,9.4,0,31.4,31.4,178.46,11.426,3.464,1.426,0.2952,94,3.736,3.96,3.926,3.528,2.92,2019,0,0,0,1
11530,14,7,0,28.5,28.5,177.15,11.12,2.865,0.58,0.286,96,2.525,NA,2.515,2.82,5.25,2014.5,0,0,0,1
11589,11.5,9.5,0,32.5,29.5,171.6,6.355,3.015,1.18,0.2605,95.75,3.9,4.66,4.685,4.805,0.95,2017.5,1,0,1,5
11674,14,7.5,0,32,32,184.05,8.045,1.895,1.13,0.287,94.7,3.555,3.86,3.7,3.685,3.1,2020,0,0,0,2
11682,14,9,0,31.3333333333333,30.6666666666667,193.1,8.92333333333333,3.17,0.843333333333333,0.296,96.8,3.23,3.39666666666667,3.57666666666667,3.57333333333333,3.23333333333333,2016,1,0,0,1
11713,11,6.5,0,27.5,27.5,183.6,9.29,1.66,0.605,0.276,96.75,2.49,NA,2.525,2.935,5.45,2014,0,0,0,1
11760,7,12,0,30,30,175.1,8.57,2.52,1.64,0.291,90.9,4.88,3.77,4.49,4.51,1.8,2016,1,0,0,1
11762,12,8.5,0,31.5,31,190.2,9.94,2.195,0.815,0.3235,98.4,3.44,3.095,2.945,3.25,5.15,2017.5,1,0,0,2
11836,11,8,0,29,29,169.2,8.33,2.12,1.33,0.291,94.8,4.56,4.19,4.06,3.82,1.8,2015,0,0,0,2
11855,12.6666666666667,10,0,30.3333333333333,30,177.366666666667,7.79666666666667,3.45333333333333,0.856666666666667,0.297333333333333,97.2333333333333,3.91,NA,3.92,3.97666666666667,2.3,2015,0,0,0,2
12049,11.5,8,0,28.3333333333333,28.1666666666667,168.016666666667,7.48333333333333,1.82166666666667,1.02833333333333,0.280833333333333,87.9166666666667,3.43833333333333,3.66166666666667,3.73166666666667,3.89333333333333,2.98333333333333,2018.16666666667,0,0,0,2
12304,10,5.5,0,20.5,20.5,122.1,8.065,2.43,0.9,0.279,93.45,2.855,3.64,3.625,4.105,2,2021,0,0,0,1
12664,11,14,0,33,33,197.1,7.62,1.92,1.37,0.278,91.5,3.65,3.59,4.19,4.15,3,2016,1,0,0,4
12673,10,12,0,29,29,163.2,7.86,3.52,0.88,0.294,92.8,3.85,NA,4.03,3.95,1.1,2014,2,0,0,3
12703,11.3333333333333,8.66666666666667,0.166666666666667,28.5,26.8333333333333,167.2,10.1683333333333,3.15166666666667,1.07,0.284,94.1333333333333,3.57,3.67,3.64333333333333,3.78666666666667,3.13333333333333,2017.5,2,0,0,2
12768,12.25,9.25,0,30.5,30.5,191.05,8.4575,3.06,0.82,0.264,93.875,3.0575,NA,3.5575,3.6425,3.65,2016.25,1,0,0,2
12808,13,8,0,32,32,200,9.31,3.01,0.94,0.28,93.8,3.01,3.35,3.52,3.86,4.2,2018,0,0,0,1
12880,9.66666666666667,8.33333333333333,0,31,30.3333333333333,173.733333333333,7.52,2.26,1.23333333333333,0.273666666666667,91.1666666666667,3.88333333333333,3.66333333333333,4.08333333333333,4.30333333333333,2.63333333333333,2020.33333333333,2,0,0,2
12970,10.6666666666667,9.33333333333333,0,31.3333333333333,30.6666666666667,177.4,9.17666666666667,2.27666666666667,1.09666666666667,0.280333333333333,92.9666666666667,3.51666666666667,3.77666666666667,3.70333333333333,3.81,3.4,2020.66666666667,1,0,0,1
13050,10.3333333333333,9.66666666666667,0,31,31,172.533333333333,8.18,2.52666666666667,1.14,0.285333333333333,94.2,3.70333333333333,3.88666666666667,3.90666666666667,4.07333333333333,2.9,2018.33333333333,1,0,0,2
13125,14.5714285714286,7,0,29.2857142857143,29.2857142857143,182.5,11.2614285714286,2.23142857142857,1.19,0.282571428571429,97,3.11571428571429,3.27142857142857,3.19428571428571,3.08,4.54285714285714,2018.85714285714,0,0,0,1
13164,19,6,0,34,34,203.1,9.43,3.32,1.06,0.317,93.1,3.81,3.75,3.86,4.1,3.7,2019,3,0,0,3
13183,11.6666666666667,6.66666666666667,0,24.3333333333333,24.3333333333333,141.1,7.15,2.38333333333333,1.07,0.284333333333333,NA,3.53333333333333,4.55666666666667,3.99666666666667,4.16666666666667,2.2,2017.66666666667,1,0,0,3
13218,10,12,0,25,25,164.2,6.23,2.19,0.71,0.273,95.8,3.83,4.12,3.67,4.24,3.6,2017,1,0,0,1
13543,21,5,0,31,31,180.2,11.01,3.19,0.8,0.241,96,1.89,3.15,2.94,3.16,4.7,2018,0,0,0,2
13619,9,13,0,30.5,30.5,176.05,8.38,2.585,1.61,0.308,91.6,4.805,4.945,4.73,4.38,1.5,2018.5,0,0,0,3
13743,15,6.66666666666667,0,30.3333333333333,29.3333333333333,171.833333333333,8.74666666666667,2.11,0.843333333333333,0.298,93.9666666666667,3.18,3.39333333333333,3.24333333333333,3.28666666666667,3.93333333333333,2020.66666666667,1,0,0,1
13774,10,13,0,32,28,163.1,7.11,2.64,1.54,0.291,94,4.13,4.14,4.85,4.76,1.5,2019,2,0,0,3
13834,5,5,0,11,11,62.1,6.64,2.74,1.88,0.233,90,4.48,5.06,5.44,4.61,0.1,2020,3,0,0,3
13896,14,6,0,31,31,179.2,6.26,2,0.95,0.3,92.9,3.61,4.27,3.89,4.56,3,2021,1,0,0,2
14168,11,7.8,0,28,28,163.84,9.056,2.662,1.206,0.2938,93.94,4.054,4.272,3.966,4.058,2.74,2020,1,0,0,2
14309,13,9,0,32,32,187,9.96,2.74,0.96,0.296,96.6,3.37,3.98,3.37,3.64,4,2021,2,0,0,2
14361,8,12,0,34,24,163.2,4.01,2.36,0.93,0.29,90.3,4.78,4.93,4.42,5.01,1.2,2017,2,0,0,4
14682,8,11,0,29,29,163.2,6.49,3.57,0.93,0.325,94.4,4.67,4.89,4.4,4.24,1.7,2017,2,0,0,2
14916,11,9.5,0,30,30,170.05,9.735,2.94,1.185,0.315,95.3,4.865,4.015,3.84,3.54,3,2017,1,0,0,1
15038,10.3333333333333,8.83333333333333,0,27.6666666666667,27.6666666666667,162.4,8.675,2.705,1.19833333333333,0.3025,95.4833333333333,4.33666666666667,4.235,3.95166666666667,3.71833333333333,2.83333333333333,2019.5,0,0,0,2
15423,6.5,6.5,0,21,21,123.1,9.225,2.405,1.28,0.298,NA,4.3,4.255,3.89,3.915,2.2,2019,1,0,0,1
15440,7,10.6666666666667,0,25,25,138.433333333333,9.63666666666667,2.8,1.85333333333333,0.291,91.6,5.22,4.19333333333333,4.85,4.52333333333333,1.76666666666667,2019,0,0,0,1
15454,8.5,13,0,33,32.5,171.6,9.545,3.23,1.335,0.313,94.3,4.665,4.085,4.105,3.84,2.15,2020,0,0,0,3
15467,11.5,9.75,0,26.5,26.5,155.35,6.9225,1.8925,1.1125,0.2885,89.1,3.805,4.19,3.9875,4.4325,2.3,2019.75,1,0,0,1
15474,9.75,8.5,0,26,26,149.9,10.0775,3.4175,1.245,0.26625,93.775,4.1375,3.7625,3.9925,4.055,2.85,2019.5,3,0,0,3
15488,5,3,0,12,12,73.1,5.03,2.21,1.1,0.268,94.4,3.44,4.67,4.57,4.81,1.1,2020,0,0,0,4
15514,10,11,0,31,31,186,5.23,2.27,1.06,0.289,93.1,4.11,5.14,4.39,4.38,1.9,2016,0,0,0,1
15689,9.25,10.5,0,27,27,154.15,10.0175,3.255,1.02,0.29775,96.775,3.7225,3.56,3.605,3.405,3.15,2019.5,1,0,0,1
15734,7,14,0,28,28,165.1,6.64,3.81,0.82,0.282,93.8,4.19,4.82,4.35,4.94,2.2,2019,0,0,1,5
15873,11,10,0,32,32,179.1,9.74,2.06,1.25,0.318,NA,3.91,4.12,3.66,3.62,3.2,2021,0,0,0,1
15890,16.5,7,0,31.5,31.5,192.1,10.53,2.265,0.935,0.293,97.65,3.185,3.43,3.01,3.07,5.5,2017.5,0,0,0,1
16162,6,7.5,0,21.5,21.5,126.15,10.855,2.18,1,0.265,96.65,2.805,3.085,3.08,3.17,3.4,2020.5,1,0,0,2
16256,9.33333333333333,7,0,25.6666666666667,25.6666666666667,148.833333333333,6.77,2.92333333333333,0.963333333333333,0.302666666666667,91.5666666666667,3.90333333333333,4.67666666666667,4.17666666666667,4.41666666666667,2.56666666666667,2020,0,0,0,1
16358,13,6,0,33,33,180,10.5,3.2,1.2,0.297,94.2,3.75,3.73,3.8,3.74,3.8,2021,1,0,0,4
16400,8.5,12.5,0,32.5,32.5,186.1,7.735,3.38,1.45,0.288,95.55,4.645,4.98,4.835,5.245,2.35,2018.5,1,0,0,1
16511,9,6,0,32,32,178.1,7.97,1.82,1.06,0.275,93.1,3.48,4,3.61,3.43,2.7,2022,1,0,0,2
16943,12,9,0,31,30,164,8.78,4.45,0.99,0.273,93,3.9,3.71,4.14,4.33,1.9,2018,0,0,0,2
16977,14,10,0,31,31,170.2,6.64,2.9,0.79,0.261,91.3,3.11,4.04,3.86,4.54,2.7,2018,1,0,0,3
17085,10,10,0,32,32,180,8.7,2.65,1.05,0.283,93.5,3.75,3.75,3.71,3.56,2.8,2022,1,0,0,2
17186,3,1,0,12,12,69,12.13,2.61,0.65,0.234,97,2.09,2.79,2.48,3.3,2.5,2020,0,0,0,1
17479,11,8,0,33,33,196.1,10.59,2.52,1.15,0.242,94.5,2.75,3.38,3.46,3.64,4.7,2019,0,0,0,2
18000,11,11,0,31,30,191.1,8.94,2.07,1.18,0.237,92.7,2.96,3.54,3.59,3.77,3.6,2022,1,0,0,1
18383,13,4,0,29,29,174.2,7.32,2.11,0.72,0.28,92.9,2.68,4.11,3.45,3.85,4,2019,0,0,0,2
18413,13,8,0,29,28,164.1,7.34,2.08,1.59,0.264,93.6,3.94,4.56,4.6,4.32,1.1,2022,0,0,0,1
18525,13.5,7.5,0,32,32,174.6,11.69,3.755,0.935,0.2845,96.85,3.055,3.175,3.255,3.61,4.4,2021.5,0,0,0,1
18684,9.66666666666667,12.6666666666667,0,32.3333333333333,32.3333333333333,210.166666666667,7.94666666666667,2.61666666666667,0.866666666666667,0.267666666666667,97.2666666666667,3.11666666666667,3.66333333333333,3.65333333333333,3.97,4.1,2020.66666666667,4,0,1,5
19206,16,7,1,33,32,174.2,7.01,4.43,1.13,0.274,94.1,3.35,5.09,4.93,4.55,0.9,2019,0,0,0,1
19244,9.5,14,0,31,31,179.55,6.335,1.955,1.2,0.2875,90.95,4.11,4.66,4.255,4.585,1.7,2021.5,1,0,0,2
19291,7.5,3,0,21.5,21.5,128,9.82,2.715,0.93,0.2515,93.55,2.645,3.425,3.355,3.465,2.85,2021,1,0,0,2
19312,15,5,0,32,32,186.1,6.18,2.27,1.01,0.278,93.9,3.38,4.31,4.12,4.39,2.2,2022,1,0,0,2
19320,10,10,0,30,30,163.2,8.69,3.08,1.26,0.271,90.6,4.18,3.86,4.17,4.36,2.1,2019,1,0,0,1
19361,11.5,6.5,0,30.5,30.5,184.5,11.72,2.05,0.7,0.284,96.35,2.685,2.525,2.385,2.575,6.05,2021.5,0,0,0,1
19427,12,5.66666666666667,0,25.6666666666667,25.3333333333333,163.733333333333,11.33,1.91333333333333,0.973333333333333,0.283333333333333,93,2.59666666666667,3.32,2.75333333333333,2.75,4.53333333333333,2020.33333333333,0,0,0,1
19479,4,6,0,12,12,74,8.39,1.95,1.34,0.333,91.4,4.74,4.45,4.03,3.92,1.2,2020,0,0,0,1
19665,21,5,0,30,30,180.1,8.68,2.65,0.95,0.284,95.1,3.19,3.89,3.58,3.3,2.9,2022,1,0,0,2
21483,12,8,0,28,28,166.1,10.5,2.06,1.03,0.251,97,2.54,2.79,3,2.6,3.5,2022,1,0,0,1
22250,13,6,0,32,32,185.2,8.43,2.38,0.92,0.292,96.1,3.2,4.11,3.46,3.78,3.2,2022,0,0,0,1
25377,4,5,0,12,12,64.1,8.53,3.22,1.12,0.26,93,4.06,3.84,4.08,4.05,1,2020,0,0,0,1
